{"regression": {"mae": 3335.0007027792526, "rmse": 8856.273672880914, "r2": 0.9891744966118905, "time": 9.134689331054688}, "classification": {"accuracy": 0.9881394937157019, "f1": 0.988126882863725, "time": 9.134689331054688}}