{"regression": {"rmse": 45391.95515491333, "r2": 0.7227186027661618, "mae": 30561.993240719017, "time": 5.87960958480835}, "classification": {"accuracy": 0.9171270718232044, "f1": 0.9170620101104079, "time": 5.685222625732422}}